Store,Date,Weekly_Sales,Predicted_Sales
1,2012-01-06,1550369.92,1.494055e+06
1,2012-01-13,1459601.17,1.463558e+06
1,2012-01-20,1394393.84,1.3942819e+06
1,2012-01-27,1319325.59,1.3390155e+06
1,2012-02-03,1636339.65,1.6576759e+06
1,2012-02-10,1802477.43,1.6685678e+06
1,2012-02-17,1819870.0,1.7448779e+06
1,2012-02-24,1539387.83,1.6074508e+06
1,2012-03-02,1688420.76,1.7463918e+06
1,2012-03-09,1675431.16,1.6362709e+06
1,2012-03-16,1677472.78,1.6362866e+06
1,2012-03-23,1511068.07,1.5540659e+06
1,2012-03-30,1649604.63,1.6540404e+06
1,2012-04-06,1899676.88,1.7992264e+06
1,2012-04-13,1621031.7,1.6194341e+06
1,2012-04-20,1521577.87,1.6276765e+06
1,2012-04-27,1468928.37,1.5082101e+06
1,2012-05-04,1684519.99,1.6534302e+06
1,2012-05-11,1611096.05,1.5668622e+06
1,2012-05-18,1595901.87,1.559762e+06
1,2012-05-25,1555444.55,1.5349982e+06
1,2012-06-01,1624477.58,1.6225874e+06
1,2012-06-08,1697230.96,1.6800625e+06
1,2012-06-15,1630607.0,1.5823058e+06
1,2012-06-22,1527845.81,1.5488268e+06
1,2012-06-29,1540421.49,1.5546786e+06
1,2012-07-06,1769854.16,1.7127539e+06
1,2012-07-13,1527014.04,1.5181321e+06
1,2012-07-20,1497954.76,1.5098235e+06
1,2012-07-27,1439123.71,1.4472529e+06
1,2012-08-03,1631135.79,1.6242632e+06
1,2012-08-10,1592409.97,1.5747669e+06
1,2012-08-17,1597868.05,1.5814176e+06
1,2012-08-24,1494122.38,1.477489e+06
1,2012-08-31,1582083.4,1.5742112e+06
1,2012-09-07,1661767.33,1.6228546e+06
1,2012-09-14,1517428.87,1.4922679e+06
1,2012-09-21,1506126.06,1.4908594e+06
1,2012-09-28,1437059.26,1.425749e+06
1,2012-10-05,1670785.97,1.6462262e+06
1,2012-10-12,1573072.81,1.5458101e+06
1,2012-10-19,1508068.77,1.5152174e+06
1,2012-10-26,1493659.74,1.4899439e+06
2,2012-01-06,1799520.14,1.7446636e+06
2,2012-01-13,1744725.48,1.7193492e+06
2,2012-01-20,1711769.11,1.7315588e+06
2,2012-01-27,1660906.14,1.6672354e+06
2,2012-02-03,1935299.94,1.9249802e+06
2,2012-02-10,2103322.68,2.0437859e+06
2,2012-02-17,2196688.46,2.1453402e+06
2,2012-02-24,1861802.7,1.8649672e+06
2,2012-03-02,1952555.66,1.9790801e+06
2,2012-03-09,1937628.26,1.9187665e+06
2,2012-03-16,1976082.13,1.9643011e+06
2,2012-03-23,1790439.16,1.8146342e+06
2,2012-03-30,1857480.84,1.8549932e+06
2,2012-04-06,2129035.91,2.0507939e+06
2,2012-04-13,1935869.1,1.9177264e+06
2,2012-04-20,1847344.45,1.8675501e+06
2,2012-04-27,1764133.09,1.7971776e+06
2,2012-05-04,1923957.09,1.9182505e+06
2,2012-05-11,1917520.99,1.899478e+06
2,2012-05-18,2000940.67,1.9989879e+06
2,2012-05-25,1912791.09,1.9022799e+06
2,2012-06-01,1910092.37,1.9222956e+06
2,2012-06-08,2010216.49,2.0071208e+06
2,2012-06-15,1962924.3,1.9476929e+06
2,2012-06-22,1887733.21,1.8911362e+06
2,2012-06-29,1881046.12,1.8782902e+06
2,2012-07-06,2041507.4,2.0159371e+06
2,2012-07-13,1830075.13,1.8386019e+06
2,2012-07-20,1819666.46,1.8368245e+06
2,2012-07-27,1757923.88,1.7743524e+06
2,2012-08-03,1946104.64,1.9206252e+06
2,2012-08-10,1866719.96,1.8336879e+06
2,2012-08-17,1928016.01,1.9170064e+06
2,2012-08-24,1876788.15,1.8614315e+06
2,2012-08-31,1947083.3,1.9297585e+06
2,2012-09-07,1898777.07,1.8882158e+06
2,2012-09-14,1814806.63,1.8206562e+06
2,2012-09-21,1829415.67,1.8283714e+06
2,2012-09-28,1746470.56,1.75994e+06
2,2012-10-05,1998321.04,1.9605825e+06
2,2012-10-12,1900745.13,1.8588631e+06
2,2012-10-19,1847990.41,1.853574e+06
2,2012-10-26,1834458.35,1.8314862e+06
3,2012-01-06,398178.21,398497.53
3,2012-01-13,367438.62,371318.34
3,2012-01-20,365818.61,374314.56
3,2012-01-27,349518.1,352635.6
3,2012-02-03,424960.66,436337.94
3,2012-02-10,473292.47,437789.84
3,2012-02-17,475591.08,443738.62
3,2012-02-24,418925.47,425472.1
3,2012-03-02,469752.56,474705.38
3,2012-03-09,445162.05,435555.75
3,2012-03-16,411775.8,425819.9
3,2012-03-23,413907.25,419174.3
3,2012-03-30,407488.84,413354.34
3,2012-04-06,503232.13,488987.94
3,2012-04-13,420789.74,427640.4
3,2012-04-20,434822.13,441087.62
3,2012-04-27,394616.11,396330.53
3,2012-05-04,439913.57,435482.8
3,2012-05-11,431985.36,431466.62
3,2012-05-18,418112.76,417981.97
3,2012-05-25,413701.29,422472.8
3,2012-06-01,432268.53,425444.9
3,2012-06-08,446336.8,438018.47
3,2012-06-15,442074.79,444599.28
3,2012-06-22,419497.95,420294.56
3,2012-06-29,422965.33,425291.28
3,2012-07-06,411206.5,412690.16
3,2012-07-13,416913.1,417253.12
3,2012-07-20,432424.85,423490.5
3,2012-07-27,389427.9,389342.3
3,2012-08-03,419990.29,422177.28
3,2012-08-10,391811.6,390009.8
3,2012-08-17,394918.83,397765.2
3,2012-08-24,412449.67,413724.78
3,2012-08-31,408838.73,409525.4
3,2012-09-07,408229.73,410810.75
3,2012-09-14,407589.16,407695.34
3,2012-09-21,414392.09,415854.62
3,2012-09-28,389813.02,385799.78
3,2012-10-05,443557.65,440149.88
3,2012-10-12,410804.39,400802.53
3,2012-10-19,424513.08,422940.44
3,2012-10-26,405432.7,403908.94
4,2012-01-06,2047766.07,1.9346926e+06
4,2012-01-13,1941676.61,1.933263e+06
4,2012-01-20,2005097.76,1.9873998e+06
4,2012-01-27,1928720.51,1.9299844e+06
4,2012-02-03,2173373.91,2.1757482e+06
4,2012-02-10,2374660.64,2.36769e+06
4,2012-02-17,2427640.17,2.2715792e+06
4,2012-02-24,2226662.17,2.0859972e+06
4,2012-03-02,2206319.9,2.2756552e+06
4,2012-03-09,2202450.81,2.1840472e+06
4,2012-03-16,2214967.44,2.1700235e+06
4,2012-03-23,2091592.54,2.0535908e+06
4,2012-03-30,2089381.77,2.092631e+06
4,2012-04-06,2470206.13,2.395534e+06
4,2012-04-13,2105301.39,2.0974328e+06
4,2012-04-20,2144336.89,2.1287528e+06
4,2012-04-27,2064065.66,2.0623049e+06
4,2012-05-04,2196968.33,2.232564e+06
4,2012-05-11,2127661.17,2.1070748e+06
4,2012-05-18,2207214.81,2.191512e+06
4,2012-05-25,2154137.67,2.1282795e+06
4,2012-06-01,2179360.94,2.1456065e+06
4,2012-06-08,2245257.18,2.2630775e+06
4,2012-06-15,2234190.93,2.1697358e+06
4,2012-06-22,2197299.65,2.1590398e+06
4,2012-06-29,2128362.92,2.1459882e+06
4,2012-07-06,2224499.28,2.2034688e+06
4,2012-07-13,2100252.61,2.069973e+06
4,2012-07-20,2175563.69,2.177564e+06
4,2012-07-27,2048613.65,2.0590542e+06
4,2012-08-03,2174514.13,2.1964148e+06
4,2012-08-10,2193367.69,2.1775962e+06
4,2012-08-17,2283540.3,2.2713415e+06
4,2012-08-24,2125241.68,2.0657162e+06
4,2012-08-31,2081181.35,2.0787104e+06
4,2012-09-07,2125104.72,2.1127692e+06
4,2012-09-14,2117854.6,2.0960856e+06
4,2012-09-21,2119438.53,2.0893195e+06
4,2012-09-28,2027620.23,2.004757e+06
4,2012-10-05,2209835.43,2.2071885e+06
4,2012-10-12,2133026.07,2.1132102e+06
4,2012-10-19,2097266.85,2.0784134e+06
4,2012-10-26,2149594.46,2.1674268e+06
5,2012-01-06,312078.71,336489.8
5,2012-01-13,291454.52,317725.03
5,2012-01-20,287523.98,311518.56
5,2012-01-27,295974.22,298220.78
5,2012-02-03,333948.0,339351.28
5,2012-02-10,349239.88,329689.28
5,2012-02-17,356427.98,326660.84
5,2012-02-24,312220.47,320048.25
5,2012-03-02,359206.21,384608.3
5,2012-03-09,347295.6,341603.44
5,2012-03-16,339392.54,341364.97
5,2012-03-23,321299.99,330209.75
5,2012-03-30,331318.73,343529.9
5,2012-04-06,402985.7,398098.28
5,2012-04-13,351832.03,334713.94
5,2012-04-20,330063.06,342440.34
5,2012-04-27,324839.74,339187.12
5,2012-05-04,360932.69,374033.5
5,2012-05-11,333870.52,336699.1
5,2012-05-18,336189.66,335100.9
5,2012-05-25,341994.48,342345.53
5,2012-06-01,359867.8,350960.94
5,2012-06-08,341704.59,338282.66
5,2012-06-15,327383.64,336779.16
5,2012-06-22,325041.68,334802.12
5,2012-06-29,329658.1,331224.3
5,2012-07-06,341214.43,328742.5
5,2012-07-13,316203.64,305839.12
5,2012-07-20,321205.12,322290.1
5,2012-07-27,306827.36,313915.62
5,2012-08-03,324195.17,320741.78
5,2012-08-10,306759.7,303297.06
5,2012-08-17,314014.18,313869.2
5,2012-08-24,320831.36,320239.12
5,2012-08-31,344642.01,332561.78
5,2012-09-07,350648.91,333518.6
5,2012-09-14,299800.67,314396.16
5,2012-09-21,307306.76,329982.22
5,2012-09-28,310141.68,319781.28
5,2012-10-05,343048.29,342066.38
5,2012-10-12,325345.41,318197.6
5,2012-10-19,313358.15,312896.1
5,2012-10-26,319550.77,325087.1
6,2012-01-06,1395339.71,1.4678111e+06
6,2012-01-13,1344243.17,1.3620198e+06
6,2012-01-20,1326255.7,1.3347766e+06
6,2012-01-27,1315610.66,1.3042432e+06
6,2012-02-03,1496305.78,1.4937552e+06
6,2012-02-10,1620603.92,1.5944242e+06
6,2012-02-17,1632616.09,1.611654e+06
6,2012-02-24,1465187.71,1.4849244e+06
6,2012-03-02,1550385.65,1.5497394e+06
6,2012-03-09,1569304.4,1.55889e+06
6,2012-03-16,1748010.29,1.6965038e+06
6,2012-03-23,1495143.62,1.49148e+06
6,2012-03-30,1508933.26,1.5507744e+06
6,2012-04-06,1840131.19,1.7568026e+06
6,2012-04-13,1616394.45,1.5613551e+06
6,2012-04-20,1456073.24,1.5418279e+06
6,2012-04-27,1456221.1,1.4719751e+06
6,2012-05-04,1543461.12,1.5291818e+06
6,2012-05-11,1517075.67,1.5133874e+06
6,2012-05-18,1513635.64,1.4867974e+06
6,2012-05-25,1603793.42,1.583192e+06
6,2012-06-01,1681121.38,1.6297789e+06
6,2012-06-08,1696619.52,1.6827346e+06
6,2012-06-15,1642247.48,1.6162838e+06
6,2012-06-22,1618272.25,1.633948e+06
6,2012-06-29,1648863.46,1.6724159e+06
6,2012-07-06,1876359.39,1.8333208e+06
6,2012-07-13,1588142.26,1.6292269e+06
6,2012-07-20,1574361.97,1.6221502e+06
6,2012-07-27,1513229.16,1.5279826e+06
6,2012-08-03,1627274.93,1.6282956e+06
6,2012-08-10,1588380.73,1.5850458e+06
6,2012-08-17,1543049.52,1.53195e+06
6,2012-08-24,1501095.49,1.5120102e+06
6,2012-08-31,1577439.81,1.5716286e+06
6,2012-09-07,1608077.01,1.5740931e+06
6,2012-09-14,1375166.86,1.3775672e+06
6,2012-09-21,1425603.65,1.4304674e+06
6,2012-09-28,1369131.46,1.3804511e+06
6,2012-10-05,1518177.71,1.5125426e+06
6,2012-10-12,1459396.84,1.4557776e+06
6,2012-10-19,1436883.99,1.434176e+06
6,2012-10-26,1431426.34,1.4321249e+06
7,2012-01-06,713117.66,732075.56
7,2012-01-13,593875.46,642269.56
7,2012-01-20,578002.85,596389.4
7,2012-01-27,541037.98,550348.4
7,2012-02-03,580453.32,583651.06
7,2012-02-10,563460.77,569679.8
7,2012-02-17,620908.18,613240.44
7,2012-02-24,603041.14,593341.6
7,2012-03-02,551058.13,558194.5
7,2012-03-09,579166.5,586041.75
7,2012-03-16,669205.73,653877.0
7,2012-03-23,615997.29,602072.1
7,2012-03-30,583322.2,590260.1
7,2012-04-06,621425.98,624907.3
7,2012-04-13,517420.23,522725.75
7,2012-04-20,457340.06,487146.47
7,2012-04-27,467827.75,474143.8
7,2012-05-04,465198.89,468770.6
7,2012-05-11,460397.41,457933.2
7,2012-05-18,468428.3,470097.94
7,2012-05-25,532739.77,534218.6
7,2012-06-01,598495.02,593087.8
7,2012-06-08,642963.75,630867.94
7,2012-06-15,666942.02,652873.56
7,2012-06-22,687344.68,681715.56
7,2012-06-29,704335.41,705301.06
7,2012-07-06,805642.61,822509.5
7,2012-07-13,694150.89,702393.4
7,2012-07-20,686345.69,689553.56
7,2012-07-27,686365.4,698951.75
7,2012-08-03,680954.81,695999.44
7,2012-08-10,675926.3,695456.2
7,2012-08-17,642450.4,643550.94
7,2012-08-24,609099.37,612276.8
7,2012-08-31,586467.16,598991.7
7,2012-09-07,597876.55,607049.06
7,2012-09-14,541120.2,528949.06
7,2012-09-21,530842.25,546169.94
7,2012-09-28,525545.76,523305.78
7,2012-10-05,505830.56,508241.72
7,2012-10-12,503463.93,506924.47
7,2012-10-19,516424.83,517544.62
7,2012-10-26,495543.28,497030.38
8,2012-01-06,872113.23,918163.44
8,2012-01-13,817661.76,813837.25
8,2012-01-20,813954.82,823486.94
8,2012-01-27,778178.53,789609.94
8,2012-02-03,927610.69,909006.3
8,2012-02-10,1021400.42,992159.3
8,2012-02-17,1096232.89,1.0736606e+06
8,2012-02-24,928537.54,933371.1
8,2012-03-02,952264.91,966710.75
8,2012-03-09,960115.56,956286.44
8,2012-03-16,921178.39,916644.6
8,2012-03-23,874223.25,882306.9
8,2012-03-30,905935.29,906575.3
8,2012-04-06,1046816.59,1.0309892e+06
8,2012-04-13,909989.45,918596.94
8,2012-04-20,872288.46,897054.1
8,2012-04-27,879448.25,894384.56
8,2012-05-04,937232.09,936385.06
8,2012-05-11,920128.89,915141.5
8,2012-05-18,913922.01,918367.44
8,2012-05-25,895157.44,892228.6
8,2012-06-01,921161.2,930584.7
8,2012-06-08,928820.0,924620.94
8,2012-06-15,916918.7,915870.2
8,2012-06-22,899449.65,899524.44
8,2012-06-29,878298.22,883289.06
8,2012-07-06,936205.5,938611.2
8,2012-07-13,890488.01,891944.3
8,2012-07-20,888834.07,892855.6
8,2012-07-27,838227.52,838768.56
8,2012-08-03,897076.73,914391.0
8,2012-08-10,930745.69,912719.56
8,2012-08-17,896613.19,898177.06
8,2012-08-24,936373.65,942387.6
8,2012-08-31,976137.73,964811.6
8,2012-09-07,932160.37,936877.3
8,2012-09-14,883569.38,899846.4
8,2012-09-21,857796.45,864593.06
8,2012-09-28,884724.41,889481.7
8,2012-10-05,976436.02,960650.8
8,2012-10-12,927511.99,926298.3
8,2012-10-19,900309.75,912091.0
8,2012-10-26,891671.44,895781.94
9,2012-01-06,519585.67,523758.0
9,2012-01-13,474964.6,481386.7
9,2012-01-20,480130.04,483209.53
9,2012-01-27,482451.21,481312.4
9,2012-02-03,549967.89,559223.2
9,2012-02-10,609736.12,605720.6
9,2012-02-17,658965.05,641321.6
9,2012-02-24,563578.79,565255.44
9,2012-03-02,619498.28,622139.2
9,2012-03-09,574955.95,578065.2
9,2012-03-16,550373.57,553655.94
9,2012-03-23,550791.32,554285.8
9,2012-03-30,574985.37,579709.44
9,2012-04-06,677885.99,655828.56
9,2012-04-13,578539.86,582325.75
9,2012-04-20,542819.03,566309.9
9,2012-04-27,550414.99,555334.56
9,2012-05-04,586289.08,581966.75
9,2012-05-11,592572.3,586187.6
9,2012-05-18,571463.93,568428.75
9,2012-05-25,547226.0,549169.9
9,2012-06-01,583648.59,582166.5
9,2012-06-08,582525.42,582834.25
9,2012-06-15,564606.1,558292.1
9,2012-06-22,562173.12,561803.1
9,2012-06-29,544770.7,542934.56
9,2012-07-06,578790.36,580147.7
9,2012-07-13,536537.64,540722.75
9,2012-07-20,513991.57,515017.47
9,2012-07-27,495951.0,502871.72
9,2012-08-03,533887.54,541136.1
9,2012-08-10,538713.47,531351.6
9,2012-08-17,535153.47,537980.4
9,2012-08-24,572887.78,570951.4
9,2012-08-31,576879.15,568593.7
9,2012-09-07,565812.29,557531.8
9,2012-09-14,523427.35,526789.56
9,2012-09-21,533756.88,532942.25
9,2012-09-28,516361.06,519313.1
9,2012-10-05,606755.3,598088.8
9,2012-10-12,558464.8,553172.56
9,2012-10-19,542009.46,540176.0
9,2012-10-26,549731.49,542260.6
10,2012-01-06,1683401.78,1.7710232e+06
10,2012-01-13,1711562.73,1.7438814e+06
10,2012-01-20,1675562.94,1.7026044e+06
10,2012-01-27,1632406.0,1.6241548e+06
10,2012-02-03,1867403.01,1.8732242e+06
10,2012-02-10,2218595.8,2.1573668e+06
10,2012-02-17,2168709.76,2.097644e+06
10,2012-02-24,2039415.74,2.0383539e+06
10,2012-03-02,1990371.02,1.9809176e+06
10,2012-03-09,1917483.1,1.9076158e+06
10,2012-03-16,1930814.66,1.9483249e+06
10,2012-03-23,1837457.69,1.8462385e+06
10,2012-03-30,1815760.42,1.8222185e+06
10,2012-04-06,2163384.17,2.1505408e+06
10,2012-04-13,1974687.51,1.9330862e+06
10,2012-04-20,1777166.53,1.8291338e+06
10,2012-04-27,1712987.56,1.765819e+06
10,2012-05-04,1821364.42,1.8298118e+06
10,2012-05-11,1792345.3,1.7791171e+06
10,2012-05-18,1795152.73,1.7891409e+06
10,2012-05-25,1830939.1,1.8282651e+06
10,2012-06-01,1767471.48,1.7721191e+06
10,2012-06-08,1840491.41,1.843935e+06
10,2012-06-15,1811562.88,1.8059332e+06
10,2012-06-22,1755334.18,1.7653655e+06
10,2012-06-29,1707481.9,1.7254418e+06
10,2012-07-06,1805999.79,1.8206481e+06
10,2012-07-13,1765571.91,1.7638704e+06
10,2012-07-20,1869967.03,1.8716136e+06
10,2012-07-27,1817603.66,1.8202596e+06
10,2012-08-03,1939440.09,1.9517672e+06
10,2012-08-10,1880436.94,1.8673178e+06
10,2012-08-17,1827797.4,1.8272595e+06
10,2012-08-24,1764984.15,1.7786708e+06
10,2012-08-31,1650285.54,1.682881e+06
10,2012-09-07,1708283.28,1.7570772e+06
10,2012-09-14,1640168.99,1.641628e+06
10,2012-09-21,1671857.57,1.6828474e+06
10,2012-09-28,1694862.41,1.6875826e+06
10,2012-10-05,1758971.38,1.7285656e+06
10,2012-10-12,1713889.11,1.7054211e+06
10,2012-10-19,1734834.82,1.7417362e+06
10,2012-10-26,1744349.05,1.7419286e+06
11,2012-01-06,1283885.55,1.2532652e+06
11,2012-01-13,1264736.59,1.2637635e+06
11,2012-01-20,1207303.29,1.224177e+06
11,2012-01-27,1162675.85,1.1699032e+06
11,2012-02-03,1376732.18,1.403958e+06
11,2012-02-10,1574287.76,1.5118985e+06
11,2012-02-17,1569607.94,1.470978e+06
11,2012-02-24,1379473.03,1.3694464e+06
11,2012-03-02,1438383.44,1.4528499e+06
11,2012-03-09,1413382.76,1.4152366e+06
11,2012-03-16,1441884.28,1.4282764e+06
11,2012-03-23,1300593.61,1.3200926e+06
11,2012-03-30,1300104.03,1.3067734e+06
11,2012-04-06,1596325.01,1.5409799e+06
11,2012-04-13,1472752.01,1.420693e+06
11,2012-04-20,1315356.99,1.3482036e+06
11,2012-04-27,1236238.29,1.2827326e+06
11,2012-05-04,1370251.22,1.3753638e+06
11,2012-05-11,1300147.07,1.3034945e+06
11,2012-05-18,1352442.31,1.3311355e+06
11,2012-05-25,1297335.87,1.291483e+06
11,2012-06-01,1361595.33,1.3484378e+06
11,2012-06-08,1414343.53,1.4019219e+06
11,2012-06-15,1417875.42,1.4208066e+06
11,2012-06-22,1355680.3,1.3531591e+06
11,2012-06-29,1297028.6,1.3088945e+06
11,2012-07-06,1461129.94,1.464961e+06
11,2012-07-13,1320239.51,1.3179898e+06
11,2012-07-20,1344483.81,1.3450062e+06
11,2012-07-27,1272395.02,1.271343e+06
11,2012-08-03,1399341.07,1.3916606e+06
11,2012-08-10,1388973.65,1.3628168e+06
11,2012-08-17,1421307.2,1.4201261e+06
11,2012-08-24,1409515.73,1.3925314e+06
11,2012-08-31,1372872.35,1.3645018e+06
11,2012-09-07,1304584.4,1.3102175e+06
11,2012-09-14,1267675.05,1.2592214e+06
11,2012-09-21,1326132.98,1.3186034e+06
11,2012-09-28,1227430.73,1.2329934e+06
11,2012-10-05,1422794.26,1.4311754e+06
11,2012-10-12,1311965.09,1.3018614e+06
11,2012-10-19,1232073.18,1.2367294e+06
11,2012-10-26,1200729.45,1.2283464e+06
12,2012-01-06,945823.65,1.0663388e+06
12,2012-01-13,865467.86,916574.75
12,2012-01-20,855922.64,847590.56
12,2012-01-27,888203.69,901437.56
12,2012-02-03,1058767.95,1.0369111e+06
12,2012-02-10,1199330.85,1.1286526e+06
12,2012-02-17,1240048.85,1.1328918e+06
12,2012-02-24,1112034.72,1.1297888e+06
12,2012-03-02,1147636.96,1.17004e+06
12,2012-03-09,1113208.57,1.1152058e+06
12,2012-03-16,1088498.52,1.0972941e+06
12,2012-03-23,1045419.87,1.081133e+06
12,2012-03-30,1025382.22,1.0381314e+06
12,2012-04-06,1128765.71,1.1079175e+06
12,2012-04-13,1083811.19,1.04787275e+06
12,2012-04-20,1006486.96,1.02001094e+06
12,2012-04-27,1004252.38,1.01743025e+06
12,2012-05-04,1073433.69,1.0542066e+06
12,2012-05-11,1041995.22,1.0199082e+06
12,2012-05-18,1020486.05,1.0145168e+06
12,2012-05-25,991514.21,992948.3
12,2012-06-01,981345.2,982545.06
12,2012-06-08,1086231.47,1.0839908e+06
12,2012-06-15,1019555.51,1.0143144e+06
12,2012-06-22,981386.25,983627.06
12,2012-06-29,943124.74,950092.7
12,2012-07-06,1014898.78,1.021786e+06
12,2012-07-13,960312.75,955979.4
12,2012-07-20,941550.34,940402.94
12,2012-07-27,916967.92,924248.5
12,2012-08-03,958667.23,958657.8
12,2012-08-10,984689.9,988824.5
12,2012-08-17,1005003.12,992898.25
12,2012-08-24,1048101.39,1.04790444e+06
12,2012-08-31,1061943.49,1.0388889e+06
12,2012-09-07,955146.04,970167.1
12,2012-09-14,885892.37,911810.44
12,2012-09-21,922735.37,922176.75
12,2012-09-28,880415.67,880946.8
12,2012-10-05,979825.92,975110.0
12,2012-10-12,934917.47,937365.5
12,2012-10-19,960945.43,961328.3
12,2012-10-26,974697.6,977562.5
13,2012-01-06,1865752.78,1.8425941e+06
13,2012-01-13,1794962.64,1.7990674e+06
13,2012-01-20,1811606.21,1.8160844e+06
13,2012-01-27,1733983.09,1.7561468e+06
13,2012-02-03,1927780.74,1.9261464e+06
13,2012-02-10,2069284.57,2.0733464e+06
13,2012-02-17,2214477.06,2.2011132e+06
13,2012-02-24,1929768.03,1.9559551e+06
13,2012-03-02,1969742.76,1.9980438e+06
13,2012-03-09,1986445.65,1.9875635e+06
13,2012-03-16,2025582.62,2.0082524e+06
13,2012-03-23,1904421.74,1.8960295e+06
13,2012-03-30,1948982.7,1.9510279e+06
13,2012-04-06,2271614.76,2.2982715e+06
13,2012-04-13,2057637.86,1.9879376e+06
13,2012-04-20,1955689.12,1.9965592e+06
13,2012-04-27,1970121.65,1.9699192e+06
13,2012-05-04,1995994.51,1.9943542e+06
13,2012-05-11,2080764.17,2.0572252e+06
13,2012-05-18,2131900.55,2.1554835e+06
13,2012-05-25,2043349.41,2.0248296e+06
13,2012-06-01,2035431.39,2.0482226e+06
13,2012-06-08,2182437.9,2.1915308e+06
13,2012-06-15,2152229.11,2.1319802e+06
13,2012-06-22,2094373.0,2.080179e+06
13,2012-06-29,2037663.71,2.0425916e+06
13,2012-07-06,2184980.35,2.2003415e+06
13,2012-07-13,2002750.99,2.0082741e+06
13,2012-07-20,2053089.32,2.0758076e+06
13,2012-07-27,1914430.53,1.9403461e+06
13,2012-08-03,2044148.23,2.0675621e+06
13,2012-08-10,2041019.92,2.0261842e+06
13,2012-08-17,2095769.18,2.0830056e+06
13,2012-08-24,2059458.25,2.0586885e+06
13,2012-08-31,2073855.42,2.0687391e+06
13,2012-09-07,2165796.31,2.1547392e+06
13,2012-09-14,1919917.03,1.9143606e+06
13,2012-09-21,1938379.66,1.9639379e+06
13,2012-09-28,1927664.11,1.9290174e+06
13,2012-10-05,2041918.74,2.0552349e+06
13,2012-10-12,1999079.44,1.9746922e+06
13,2012-10-19,2018010.15,2.010282e+06
13,2012-10-26,2035189.66,2.0149692e+06
14,2012-01-06,1859144.96,1.802387e+06
14,2012-01-13,1696248.27,1.7448968e+06
14,2012-01-20,1789113.32,1.7861681e+06
14,2012-01-27,1595362.27,1.6241306e+06
14,2012-02-03,1877410.36,1.8778229e+06
14,2012-02-10,2077256.24,2.0285961e+06
14,2012-02-17,2020550.99,1.9556071e+06
14,2012-02-24,1875040.16,1.8842984e+06
14,2012-03-02,1926004.99,1.945528e+06
14,2012-03-09,2020839.31,2.017039e+06
14,2012-03-16,1941040.5,1.9199722e+06
14,2012-03-23,1893447.71,1.8948481e+06
14,2012-03-30,1905033.01,1.892485e+06
14,2012-04-06,2376022.26,2.3406438e+06
14,2012-04-13,1912909.69,1.948571e+06
14,2012-04-20,1875686.44,1.9198789e+06
14,2012-04-27,1784029.95,1.8217878e+06
14,2012-05-04,1949354.29,1.9527016e+06
14,2012-05-11,1987531.05,1.97126e+06
14,2012-05-18,1932233.17,1.9106494e+06
14,2012-05-25,2030869.61,2.0480765e+06
14,2012-06-01,2049485.49,2.0305468e+06
14,2012-06-08,2099615.88,2.0938331e+06
14,2012-06-15,1905733.68,1.9420274e+06
14,2012-06-22,1660228.88,1.7274502e+06
14,2012-06-29,1591835.02,1.6515995e+06
14,2012-07-06,1862128.95,1.8692529e+06
14,2012-07-13,1544422.35,1.6053374e+06
14,2012-07-20,1553250.16,1.5970638e+06
14,2012-07-27,1479514.66,1.4589844e+06
14,2012-08-03,1656886.46,1.6395014e+06
14,2012-08-10,1648570.03,1.5976042e+06
14,2012-08-17,1660433.3,1.6634562e+06
14,2012-08-24,1621841.33,1.6193032e+06
14,2012-08-31,1613342.19,1.6142222e+06
14,2012-09-07,1904512.34,1.845301e+06
14,2012-09-14,1554794.22,1.6151778e+06
14,2012-09-21,1565352.46,1.625692e+06
14,2012-09-28,1522512.2,1.5177178e+06
14,2012-10-05,1687592.16,1.6663001e+06
14,2012-10-12,1639585.61,1.6174086e+06
14,2012-10-19,1590274.72,1.5898808e+06
14,2012-10-26,1704357.62,1.6977056e+06
15,2012-01-06,516087.65,553081.75
15,2012-01-13,454183.42,497148.06
15,2012-01-20,492721.85,503856.06
15,2012-01-27,466045.63,460643.06
15,2012-02-03,523831.64,517320.06
15,2012-02-10,628218.22,612039.94
15,2012-02-17,598502.83,581658.6
15,2012-02-24,561137.06,564378.8
15,2012-03-02,541292.64,550733.4
15,2012-03-09,545120.67,542615.25
15,2012-03-16,570611.23,571143.25
15,2012-03-23,565481.88,559325.0
15,2012-03-30,557547.25,559094.0
15,2012-04-06,659950.36,648473.0
15,2012-04-13,558585.13,554018.3
15,2012-04-20,534780.57,552471.7
15,2012-04-27,527402.62,539462.9
15,2012-05-04,577868.38,574484.94
15,2012-05-11,579539.95,580504.7
15,2012-05-18,600050.98,598363.06
15,2012-05-25,693780.42,663531.3
15,2012-06-01,663971.26,652267.9
15,2012-06-08,611390.67,615813.5
15,2012-06-15,636737.65,642386.06
15,2012-06-22,687085.6,686769.2
15,2012-06-29,624099.48,618497.4
15,2012-07-06,678024.75,684019.2
15,2012-07-13,591335.5,593309.94
15,2012-07-20,592369.22,599541.5
15,2012-07-27,571190.83,565964.1
15,2012-08-03,590739.62,599734.44
15,2012-08-10,590453.63,590833.0
15,2012-08-17,579738.2,574026.9
15,2012-08-24,606210.77,605494.1
15,2012-08-31,610185.32,613658.9
15,2012-09-07,587259.82,600343.0
15,2012-09-14,527509.76,537703.5
15,2012-09-21,533161.64,533061.25
15,2012-09-28,553901.97,555565.06
15,2012-10-05,573498.64,577284.1
15,2012-10-12,551799.63,544672.4
15,2012-10-19,555652.77,556860.0
15,2012-10-26,558473.6,552956.06
16,2012-01-06,564538.07,563127.94
16,2012-01-13,508520.09,531246.7
16,2012-01-20,474389.75,484136.34
16,2012-01-27,453979.19,459791.12
16,2012-02-03,475905.1,481004.44
16,2012-02-10,473766.97,477938.12
16,2012-02-17,494069.49,492273.47
16,2012-02-24,495720.3,489772.84
16,2012-03-02,464189.09,470318.22
16,2012-03-09,495951.66,489450.25
16,2012-03-16,520850.71,515049.84
16,2012-03-23,493503.89,485985.03
16,2012-03-30,485095.41,483197.94
16,2012-04-06,502662.07,506956.3
16,2012-04-13,450756.71,453276.5
16,2012-04-20,436221.26,449653.8
16,2012-04-27,398445.15,410298.75
16,2012-05-04,426959.62,431927.38
16,2012-05-11,479855.0,455020.94
16,2012-05-18,493506.47,480930.62
16,2012-05-25,518045.09,510403.5
16,2012-06-01,532311.93,529162.25
16,2012-06-08,603618.89,599916.75
16,2012-06-15,570045.79,565908.2
16,2012-06-22,581745.72,576309.9
16,2012-06-29,570162.28,577452.6
16,2012-07-06,641763.53,638335.25
16,2012-07-13,569005.06,573657.6
16,2012-07-20,565297.54,573357.06
16,2012-07-27,539337.87,548006.75
16,2012-08-03,584000.71,587331.4
16,2012-08-10,554036.84,555681.3
16,2012-08-17,521896.6,524337.94
16,2012-08-24,551152.15,551567.75
16,2012-08-31,551837.31,551193.4
16,2012-09-07,537138.58,539644.6
16,2012-09-14,526525.16,529318.7
16,2012-09-21,509942.56,514086.06
16,2012-09-28,469607.73,477285.5
16,2012-10-05,471281.68,475859.03
16,2012-10-12,491817.19,492412.1
16,2012-10-19,577198.97,574502.06
16,2012-10-26,475770.14,476867.88
17,2012-01-06,1198104.22,1.2258441e+06
17,2012-01-13,873576.96,870962.06
17,2012-01-20,809272.65,847243.44
17,2012-01-27,769522.33,785055.3
17,2012-02-03,864852.85,878356.75
17,2012-02-10,880165.7,894245.2
17,2012-02-17,927084.65,909517.75
17,2012-02-24,843864.43,862212.6
17,2012-03-02,856178.47,865825.4
17,2012-03-09,860224.98,861838.6
17,2012-03-16,853136.46,854840.44
17,2012-03-23,851762.28,857406.2
17,2012-03-30,872469.03,886330.44
17,2012-04-06,986922.62,987968.6
17,2012-04-13,877055.32,894606.94
17,2012-04-20,1119979.98,1.1054942e+06
17,2012-04-27,925916.65,910049.6
17,2012-05-04,930121.14,937163.94
17,2012-05-11,944100.3,945997.6
17,2012-05-18,968816.33,965455.6
17,2012-05-25,984881.59,972978.3
17,2012-06-01,938914.28,938809.25
17,2012-06-08,987990.24,991387.44
17,2012-06-15,964169.67,952182.94
17,2012-06-22,981210.57,966766.7
17,2012-06-29,982322.24,976280.2
17,2012-07-06,1046782.52,1.0462452e+06
17,2012-07-13,960746.04,976483.94
17,2012-07-20,944698.7,950705.25
17,2012-07-27,907493.24,916959.56
17,2012-08-03,877813.33,881483.06
17,2012-08-10,849074.04,863102.0
17,2012-08-17,844928.17,845947.9
17,2012-08-24,924299.78,924736.94
17,2012-08-31,865924.2,869085.44
17,2012-09-07,1255633.29,1.2317489e+06
17,2012-09-14,1071040.22,956270.4
17,2012-09-21,938303.28,981631.25
17,2012-09-28,972716.24,973047.06
17,2012-10-05,952609.17,951806.0
17,2012-10-12,919878.34,927143.75
17,2012-10-19,957356.84,961332.94
17,2012-10-26,943465.29,937286.1
18,2012-01-06,977286.07,1.1203301e+06
18,2012-01-13,890130.25,889655.2
18,2012-01-20,937522.77,939561.06
18,2012-01-27,825584.22,831436.6
18,2012-02-03,1049772.04,1.03306906e+06
18,2012-02-10,1161615.51,1.0819046e+06
18,2012-02-17,1115985.81,1.0615269e+06
18,2012-02-24,1037861.11,1.0506159e+06
18,2012-03-02,1047178.91,1.0521914e+06
18,2012-03-09,1084894.47,1.0649046e+06
18,2012-03-16,1022018.43,1.0067365e+06
18,2012-03-23,1031139.3,1.029913e+06
18,2012-03-30,1009121.2,1.01264025e+06
18,2012-04-06,1200815.3,1.178572e+06
18,2012-04-13,998443.5,987778.4
18,2012-04-20,1025813.8,1.0416057e+06
18,2012-04-27,961186.23,975390.44
18,2012-05-04,1050027.89,1.0448566e+06
18,2012-05-11,1060433.1,1.04028994e+06
18,2012-05-18,1047444.59,1.0402753e+06
18,2012-05-25,1088446.58,1.0931652e+06
18,2012-06-01,1118313.7,1.1092369e+06
18,2012-06-08,1110479.94,1.0865929e+06
18,2012-06-15,1057425.83,1.0703399e+06
18,2012-06-22,1080357.89,1.0885831e+06
18,2012-06-29,1097006.3,1.083122e+06
18,2012-07-06,1158247.31,1.1421732e+06
18,2012-07-13,1024784.92,1.03758306e+06
18,2012-07-20,1033543.56,1.03939556e+06
18,2012-07-27,924506.26,941057.4
18,2012-08-03,1052066.58,1.0491592e+06
18,2012-08-10,967304.07,962364.06
18,2012-08-17,1048134.24,1.03044825e+06
18,2012-08-24,1145840.91,1.111695e+06
18,2012-08-31,1117097.23,1.0691229e+06
18,2012-09-07,1083521.24,1.081703e+06
18,2012-09-14,960476.1,980160.06
18,2012-09-21,971386.65,977601.25
18,2012-09-28,1002856.2,998211.1
18,2012-10-05,1092204.79,1.0775898e+06
18,2012-10-12,1074079.0,1.0605684e+06
18,2012-10-19,1048706.75,1.04069694e+06
18,2012-10-26,1127516.25,1.1072826e+06
19,2012-01-06,1266570.4,1.3066021e+06
19,2012-01-13,1182198.7,1.2019299e+06
19,2012-01-20,1237104.73,1.2320418e+06
19,2012-01-27,1279623.26,1.2662652e+06
19,2012-02-03,1345311.65,1.3522772e+06
19,2012-02-10,1499496.67,1.4656099e+06
19,2012-02-17,1424720.27,1.4126579e+06
19,2012-02-24,1352470.09,1.364654e+06
19,2012-03-02,1308977.05,1.3185081e+06
19,2012-03-09,1358816.46,1.3703564e+06
19,2012-03-16,1312849.1,1.2997894e+06
19,2012-03-23,1342254.55,1.3464942e+06
19,2012-03-30,1327139.35,1.3192421e+06
19,2012-04-06,1631737.68,1.641886e+06
19,2012-04-13,1365098.46,1.3587959e+06
19,2012-04-20,1255087.26,1.2961552e+06
19,2012-04-27,1285897.24,1.2914686e+06
19,2012-05-04,1405007.44,1.3830658e+06
19,2012-05-11,1442873.22,1.4018069e+06
19,2012-05-18,1366937.1,1.3622508e+06
19,2012-05-25,1485540.28,1.4804226e+06
19,2012-06-01,1450733.29,1.4463799e+06
19,2012-06-08,1390122.11,1.3926175e+06
19,2012-06-15,1440263.15,1.4439144e+06
19,2012-06-22,1468350.36,1.4663864e+06
19,2012-06-29,1379652.65,1.3807965e+06
19,2012-07-06,1557120.44,1.5629095e+06
19,2012-07-13,1321741.35,1.3489258e+06
19,2012-07-20,1317672.92,1.3209349e+06
19,2012-07-27,1248915.43,1.2656222e+06
19,2012-08-03,1342123.78,1.3564341e+06
19,2012-08-10,1408907.89,1.3778959e+06
19,2012-08-17,1375101.26,1.3813601e+06
19,2012-08-24,1544653.37,1.5399274e+06
19,2012-08-31,1542719.87,1.5259475e+06
19,2012-09-07,1497073.82,1.4909368e+06
19,2012-09-14,1370653.41,1.3639669e+06
19,2012-09-21,1338572.29,1.3306279e+06
19,2012-09-28,1338299.02,1.3411594e+06
19,2012-10-05,1408016.1,1.3957915e+06
19,2012-10-12,1352809.5,1.3596088e+06
19,2012-10-19,1321102.35,1.3333675e+06
19,2012-10-26,1322117.96,1.3297455e+06
20,2012-01-06,1964701.94,1.8955655e+06
20,2012-01-13,1911510.64,1.8718879e+06
20,2012-01-20,1892775.94,1.8746321e+06
20,2012-01-27,1761016.51,1.7732012e+06
20,2012-02-03,2203523.2,2.1395978e+06
20,2012-02-10,2462978.28,2.2689748e+06
20,2012-02-17,2309025.16,2.1215432e+06
20,2012-02-24,2045837.55,1.9525372e+06
20,2012-03-02,2148822.76,2.1482895e+06
20,2012-03-09,2139265.4,2.0623095e+06
20,2012-03-16,2064991.71,2.0175799e+06
20,2012-03-23,1992436.96,1.9642306e+06
20,2012-03-30,2074721.74,2.0660405e+06
20,2012-04-06,2565259.92,2.464389e+06
20,2012-04-13,2045396.06,2.011886e+06
20,2012-04-20,1884427.84,1.9592821e+06
20,2012-04-27,1886503.93,1.88014e+06
20,2012-05-04,2163510.89,2.1178628e+06
20,2012-05-11,2168097.11,2.0908472e+06
20,2012-05-18,2039222.26,2.0012632e+06
20,2012-05-25,2114989.0,2.0983638e+06
20,2012-06-01,2143126.59,2.0827362e+06
20,2012-06-08,2231962.13,2.1917072e+06
20,2012-06-15,2165160.29,2.0808174e+06
20,2012-06-22,2060588.69,2.0202009e+06
20,2012-06-29,2055952.61,2.0267226e+06
20,2012-07-06,2358055.3,2.3039795e+06
20,2012-07-13,2134680.12,2.0628179e+06
20,2012-07-20,1970170.29,2.009039e+06
20,2012-07-27,1911559.1,1.8927444e+06
20,2012-08-03,2094515.71,2.076087e+06
20,2012-08-10,2144245.39,2.0876091e+06
20,2012-08-17,2045061.22,1.997044e+06
20,2012-08-24,2005341.43,1.9708848e+06
20,2012-08-31,2062481.56,2.0714235e+06
20,2012-09-07,2080529.06,2.0497314e+06
20,2012-09-14,2047949.98,2.0031601e+06
20,2012-09-21,2028587.24,1.9874769e+06
20,2012-09-28,2008350.58,1.9807059e+06
20,2012-10-05,2246411.89,2.2157688e+06
20,2012-10-12,2162951.36,2.0762704e+06
20,2012-10-19,1999363.49,1.9773558e+06
20,2012-10-26,2031650.55,2.0280636e+06
21,2012-01-06,640181.86,809665.44
21,2012-01-13,631181.25,664758.94
21,2012-01-20,651178.2,656954.0
21,2012-01-27,611258.71,610201.06
21,2012-02-03,680725.43,678936.56
21,2012-02-10,770652.79,765791.0
21,2012-02-17,834663.52,791332.94
21,2012-02-24,747099.07,745227.1
21,2012-03-02,764385.4,764965.94
21,2012-03-09,755084.4,741729.06
21,2012-03-16,767338.32,766379.75
21,2012-03-23,729759.97,732688.7
21,2012-03-30,724798.76,734056.3
21,2012-04-06,761956.58,764313.3
21,2012-04-13,769319.04,766962.56
21,2012-04-20,734858.91,738651.44
21,2012-04-27,674829.58,706517.75
21,2012-05-04,697645.32,712548.56
21,2012-05-11,649945.54,662350.8
21,2012-05-18,700554.16,703593.8
21,2012-05-25,722891.24,727836.4
21,2012-06-01,695439.83,693010.94
21,2012-06-08,707895.72,707861.1
21,2012-06-15,727049.04,731731.25
21,2012-06-22,735870.0,729742.9
21,2012-06-29,716341.39,719885.25
21,2012-07-06,693013.59,702930.0
21,2012-07-13,668132.36,685133.44
21,2012-07-20,691200.33,696712.7
21,2012-07-27,677789.14,681412.7
21,2012-08-03,693785.85,705874.4
21,2012-08-10,700272.01,704910.2
21,2012-08-17,751963.81,754696.2
21,2012-08-24,802003.61,788565.44
21,2012-08-31,763867.59,756329.0
21,2012-09-07,642827.29,686075.3
21,2012-09-14,628494.63,659298.7
21,2012-09-21,667151.46,665338.44
21,2012-09-28,647097.65,643262.2
21,2012-10-05,651768.91,665654.06
21,2012-10-12,653043.44,667026.7
21,2012-10-19,641368.14,661166.5
21,2012-10-26,675202.87,687800.25
22,2012-01-06,895358.2,1.0696036e+06
22,2012-01-13,855437.57,847778.6
22,2012-01-20,897027.44,896315.0
22,2012-01-27,786459.23,814235.56
22,2012-02-03,958487.75,958654.7
22,2012-02-10,1034448.07,989977.56
22,2012-02-17,1004749.41,998298.44
22,2012-02-24,912958.95,935282.2
22,2012-03-02,974866.65,981622.6
22,2012-03-09,991127.01,984058.44
22,2012-03-16,966780.01,972089.9
22,2012-03-23,992774.4,1.0029964e+06
22,2012-03-30,965769.93,986849.3
22,2012-04-06,1197489.66,1.1761501e+06
22,2012-04-13,939118.24,924180.3
22,2012-04-20,1000342.87,998221.44
22,2012-04-27,922539.94,937574.4
22,2012-05-04,1005083.31,1.0011117e+06
22,2012-05-11,997868.63,986417.25
22,2012-05-18,986612.02,1.0055126e+06
22,2012-05-25,1047297.38,1.0609881e+06
22,2012-06-01,1102857.37,1.1096731e+06
22,2012-06-08,1061134.37,1.0462954e+06
22,2012-06-15,1061219.19,1.0563805e+06
22,2012-06-22,1112449.3,1.1095719e+06
22,2012-06-29,1053881.78,1.059457e+06
22,2012-07-06,1097786.14,1.1155089e+06
22,2012-07-13,971361.38,972008.06
22,2012-07-20,991969.37,1.0065878e+06
22,2012-07-27,925731.21,939463.25
22,2012-08-03,1007257.83,1.01732444e+06
22,2012-08-10,973812.79,970954.0
22,2012-08-17,981273.26,985343.75
22,2012-08-24,1060906.75,1.0568326e+06
22,2012-08-31,1022270.86,1.0232031e+06
22,2012-09-07,996628.8,1.00453175e+06
22,2012-09-14,918049.28,953507.3
22,2012-09-21,921612.53,936283.25
22,2012-09-28,976479.51,959401.44
22,2012-10-05,1009887.36,1.0072511e+06
22,2012-10-12,1004039.84,1.0043247e+06
22,2012-10-19,978027.95,987101.1
22,2012-10-26,1094422.69,1.0968018e+06
23,2012-01-06,1150662.55,1.1531155e+06
23,2012-01-13,1031451.35,1.0558618e+06
23,2012-01-20,1146992.13,1.1438504e+06
23,2012-01-27,1037476.38,1.02870206e+06
23,2012-02-03,1261872.67,1.2454435e+06
23,2012-02-10,1358444.07,1.29472e+06
23,2012-02-17,1365546.69,1.3208009e+06
23,2012-02-24,1272948.27,1.2422016e+06
23,2012-03-02,1322852.2,1.3364982e+06
23,2012-03-09,1292724.9,1.2820726e+06
23,2012-03-16,1258364.31,1.2695325e+06
23,2012-03-23,1288154.1,1.2925355e+06
23,2012-03-30,1261964.96,1.281273e+06
23,2012-04-06,1604605.69,1.5686181e+06
23,2012-04-13,1231752.54,1.2384955e+06
23,2012-04-20,1287899.41,1.3046159e+06
23,2012-04-27,1277758.76,1.2567852e+06
23,2012-05-04,1317379.68,1.3198774e+06
23,2012-05-11,1321914.34,1.3202699e+06
23,2012-05-18,1332952.47,1.3355036e+06
23,2012-05-25,1552934.64,1.5408266e+06
23,2012-06-01,1476144.34,1.4613798e+06
23,2012-06-08,1568048.54,1.5623179e+06
23,2012-06-15,1543667.68,1.5333416e+06
23,2012-06-22,1522042.57,1.511879e+06
23,2012-06-29,1451782.16,1.451802e+06
23,2012-07-06,1545370.16,1.5630988e+06
23,2012-07-13,1384921.63,1.4125138e+06
23,2012-07-20,1381339.23,1.385969e+06
23,2012-07-27,1322932.36,1.3434172e+06
23,2012-08-03,1416926.31,1.4181492e+06
23,2012-08-10,1436311.76,1.4287324e+06
23,2012-08-17,1510131.45,1.4945572e+06
23,2012-08-24,1702220.96,1.6809168e+06
23,2012-08-31,1577468.78,1.528575e+06
23,2012-09-07,1427162.26,1.4667111e+06
23,2012-09-14,1279041.64,1.3225016e+06
23,2012-09-21,1338627.55,1.3388844e+06
23,2012-09-28,1319035.06,1.2992506e+06
23,2012-10-05,1464616.59,1.4605481e+06
23,2012-10-12,1412925.25,1.402405e+06
23,2012-10-19,1363155.77,1.373571e+06
23,2012-10-26,1347454.59,1.3463044e+06
24,2012-01-06,1251581.89,1.2191794e+06
24,2012-01-13,1155594.2,1.1627641e+06
24,2012-01-20,1151993.85,1.1684021e+06
24,2012-01-27,1057290.41,1.0715085e+06
24,2012-02-03,1249696.97,1.2241372e+06
24,2012-02-10,1403460.87,1.3280125e+06
24,2012-02-17,1326370.08,1.2835318e+06
24,2012-02-24,1303233.15,1.2931871e+06
24,2012-03-02,1213994.39,1.2197208e+06
24,2012-03-09,1325835.7,1.3290586e+06
24,2012-03-16,1239299.12,1.2447444e+06
24,2012-03-23,1221723.94,1.245148e+06
24,2012-03-30,1230106.13,1.2282462e+06
24,2012-04-06,1524734.29,1.4980639e+06
24,2012-04-13,1285783.87,1.2614776e+06
24,2012-04-20,1208654.4,1.2254491e+06
24,2012-04-27,1194334.65,1.2014935e+06
24,2012-05-04,1306551.71,1.3106796e+06
24,2012-05-11,1355391.79,1.3291961e+06
24,2012-05-18,1298809.8,1.2867014e+06
24,2012-05-25,1407897.57,1.3829732e+06
24,2012-06-01,1467722.19,1.4425589e+06
24,2012-06-08,1406313.13,1.3846309e+06
24,2012-06-15,1364445.98,1.3620112e+06
24,2012-06-22,1434709.63,1.4315881e+06
24,2012-06-29,1428869.9,1.4167464e+06
24,2012-07-06,1645097.75,1.5927064e+06
24,2012-07-13,1405475.78,1.3951044e+06
24,2012-07-20,1394299.0,1.3894594e+06
24,2012-07-27,1307339.14,1.3061062e+06
24,2012-08-03,1440374.13,1.4208326e+06
24,2012-08-10,1497054.81,1.4677068e+06
24,2012-08-17,1397970.54,1.3731115e+06
24,2012-08-24,1303726.54,1.3100801e+06
24,2012-08-31,1344558.92,1.3367784e+06
24,2012-09-07,1477134.75,1.4449955e+06
24,2012-09-14,1242909.53,1.2541679e+06
24,2012-09-21,1261158.47,1.2648906e+06
24,2012-09-28,1259278.36,1.240217e+06
24,2012-10-05,1416720.54,1.416482e+06
24,2012-10-12,1416301.17,1.3721761e+06
24,2012-10-19,1255414.84,1.2766595e+06
24,2012-10-26,1307182.29,1.3052432e+06
25,2012-01-06,636419.12,647763.8
25,2012-01-13,614764.31,616310.7
25,2012-01-20,594744.89,614042.1
25,2012-01-27,589554.29,599516.4
25,2012-02-03,642776.4,642783.25
25,2012-02-10,658984.38,647214.2
25,2012-02-17,654088.02,656064.0
25,2012-02-24,613501.05,617304.1
25,2012-03-02,643155.89,647757.5
25,2012-03-09,643711.53,643933.8
25,2012-03-16,638204.27,638891.5
25,2012-03-23,672831.78,678127.5
25,2012-03-30,684348.92,685594.9
25,2012-04-06,791356.9,817775.75
25,2012-04-13,658691.56,661306.5
25,2012-04-20,661566.48,677187.1
25,2012-04-27,655157.32,649381.5
25,2012-05-04,696421.72,702004.9
25,2012-05-11,739866.16,739073.6
25,2012-05-18,717207.19,707126.75
25,2012-05-25,783371.02,779157.9
25,2012-06-01,694765.95,710605.25
25,2012-06-08,730254.19,735370.25
25,2012-06-15,753860.89,745757.06
25,2012-06-22,721601.9,717575.56
25,2012-06-29,718890.81,723158.25
25,2012-07-06,753385.55,749789.1
25,2012-07-13,714093.95,710371.94
25,2012-07-20,685676.58,690590.3
25,2012-07-27,659109.53,672765.75
25,2012-08-03,709724.6,702986.0
25,2012-08-10,710496.97,706987.2
25,2012-08-17,728467.72,715744.3
25,2012-08-24,756527.64,753302.5
25,2012-08-31,714828.73,710316.1
25,2012-09-07,671482.9,688000.4
25,2012-09-14,657241.63,660250.7
25,2012-09-21,664745.2,666462.1
25,2012-09-28,683300.84,682302.06
25,2012-10-05,699536.73,699237.44
25,2012-10-12,697317.41,706684.44
25,2012-10-19,685531.85,687522.94
25,2012-10-26,688940.94,701332.1
26,2012-01-06,971557.62,1.03417944e+06
26,2012-01-13,836305.65,882236.44
26,2012-01-20,838751.5,844583.7
26,2012-01-27,820059.89,824181.4
26,2012-02-03,939158.25,940814.25
26,2012-02-10,1081005.64,1.0326338e+06
26,2012-02-17,965788.76,980252.5
26,2012-02-24,917924.47,931953.4
26,2012-03-02,955641.74,956759.0
26,2012-03-09,1028569.01,1.0055348e+06
26,2012-03-16,919503.4,926360.7
26,2012-03-23,874790.68,887679.9
26,2012-03-30,922018.43,923016.06
26,2012-04-06,1116829.23,1.101954e+06
26,2012-04-13,889670.29,908794.8
26,2012-04-20,923600.02,944711.0
26,2012-04-27,911969.0,902851.9
26,2012-05-04,946573.29,944566.9
26,2012-05-11,1062548.73,1.0472703e+06
26,2012-05-18,978082.84,983762.1
26,2012-05-25,1067310.74,1.0518428e+06
26,2012-06-01,1015853.03,1.0137911e+06
26,2012-06-08,1106176.83,1.0924622e+06
26,2012-06-15,1029248.22,1.0179077e+06
26,2012-06-22,1056282.91,1.0610618e+06
26,2012-06-29,1051190.44,1.04306175e+06
26,2012-07-06,1180470.8,1.1468965e+06
26,2012-07-13,1063149.78,1.0679449e+06
26,2012-07-20,1049625.9,1.055511e+06
26,2012-07-27,1031745.14,1.03906325e+06
26,2012-08-03,1090915.09,1.0828595e+06
26,2012-08-10,1121476.51,1.094777e+06
26,2012-08-17,1068292.56,1.0571605e+06
26,2012-08-24,1022704.2,1.03079294e+06
26,2012-08-31,1053495.51,1.0568036e+06
26,2012-09-07,1081874.03,1.0712811e+06
26,2012-09-14,986131.94,973558.94
26,2012-09-21,961084.08,969176.44
26,2012-09-28,964726.37,968438.94
26,2012-10-05,1095504.26,1.0918169e+06
26,2012-10-12,1044639.69,1.032745e+06
26,2012-10-19,975578.02,988347.3
26,2012-10-26,958619.8,977303.7
27,2012-01-06,1535287.4,1.5233019e+06
27,2012-01-13,1492399.13,1.515282e+06
27,2012-01-20,1542131.05,1.4909782e+06
27,2012-01-27,1263534.86,1.3465468e+06
27,2012-02-03,1564246.02,1.5119482e+06
27,2012-02-10,1651605.35,1.5907249e+06
27,2012-02-17,1606221.56,1.5765882e+06
27,2012-02-24,1648602.39,1.6660435e+06
27,2012-03-02,1509323.09,1.5004996e+06
27,2012-03-09,1607343.41,1.6104159e+06
27,2012-03-16,1635984.07,1.6171804e+06
27,2012-03-23,1620839.34,1.6076245e+06
27,2012-03-30,1615494.14,1.6217714e+06
27,2012-04-06,1899013.34,1.831158e+06
27,2012-04-13,1650405.21,1.6542374e+06
27,2012-04-20,1639999.47,1.6515418e+06
27,2012-04-27,1565498.84,1.605258e+06
27,2012-05-04,1669388.45,1.6662669e+06
27,2012-05-11,1674306.31,1.674673e+06
27,2012-05-18,1707158.82,1.6938798e+06
27,2012-05-25,1818906.73,1.7816645e+06
27,2012-06-01,1900638.6,1.8819178e+06
27,2012-06-08,1764756.31,1.7485974e+06
27,2012-06-15,1773500.56,1.7738881e+06
27,2012-06-22,1837884.79,1.8516684e+06
27,2012-06-29,1842555.32,1.8350522e+06
27,2012-07-06,2062224.92,2.0455429e+06
27,2012-07-13,1755889.53,1.7827829e+06
27,2012-07-20,1730913.66,1.7651718e+06
27,2012-07-27,1625883.71,1.6585479e+06
27,2012-08-03,1705810.84,1.7356738e+06
27,2012-08-10,1720537.26,1.7000468e+06
27,2012-08-17,1735339.59,1.7349579e+06
27,2012-08-24,1780443.36,1.7953412e+06
27,2012-08-31,1731935.43,1.7208271e+06
27,2012-09-07,1840955.23,1.8486531e+06
27,2012-09-14,1519604.5,1.6080394e+06
27,2012-09-21,1557485.75,1.6140578e+06
27,2012-09-28,1540687.63,1.5061226e+06
27,2012-10-05,1591816.88,1.5835032e+06
27,2012-10-12,1660081.29,1.6579165e+06
27,2012-10-19,1620374.24,1.6249168e+06
27,2012-10-26,1703047.74,1.7198514e+06
28,2012-01-06,1466046.07,1.3541305e+06
28,2012-01-13,1161190.29,1.2103984e+06
28,2012-01-20,1129540.48,1.1649589e+06
28,2012-01-27,1132948.48,1.1388794e+06
28,2012-02-03,1531599.44,1.5137379e+06
28,2012-02-10,1572966.15,1.3958996e+06
28,2012-02-17,1501503.68,1.4149686e+06
28,2012-02-24,1323487.91,1.3292929e+06
28,2012-03-02,1451740.57,1.4426654e+06
28,2012-03-09,1680764.06,1.6168431e+06
28,2012-03-16,1337875.49,1.3662522e+06
28,2012-03-23,1216059.41,1.2768184e+06
28,2012-03-30,1209524.11,1.2260159e+06
28,2012-04-06,1559592.79,1.4974315e+06
28,2012-04-13,1290684.95,1.2471945e+06
28,2012-04-20,1180797.2,1.1992271e+06
28,2012-04-27,1170456.16,1.1910228e+06
28,2012-05-04,1450628.85,1.445816e+06
28,2012-05-11,1264575.18,1.2473699e+06
28,2012-05-18,1213310.45,1.2076196e+06
28,2012-05-25,1151214.41,1.1481092e+06
28,2012-06-01,1245480.95,1.2689648e+06
28,2012-06-08,1440687.69,1.4085114e+06
28,2012-06-15,1229760.97,1.2276576e+06
28,2012-06-22,1180671.55,1.1980615e+06
28,2012-06-29,1129031.98,1.1458759e+06
28,2012-07-06,1500863.54,1.4699021e+06
28,2012-07-13,1179915.04,1.19138e+06
28,2012-07-20,1149427.48,1.175215e+06
28,2012-07-27,1135035.09,1.1298579e+06
28,2012-08-03,1376520.1,1.3679891e+06
28,2012-08-10,1269113.41,1.2219301e+06
28,2012-08-17,1184198.41,1.1848144e+06
28,2012-08-24,1199309.59,1.2162935e+06
28,2012-08-31,1227118.75,1.2479404e+06
28,2012-09-07,1469693.99,1.4544569e+06
28,2012-09-14,1124660.77,1.1843604e+06
28,2012-09-21,1135340.19,1.1690811e+06
28,2012-09-28,1129508.61,1.1414942e+06
28,2012-10-05,1462941.03,1.453127e+06
28,2012-10-12,1205536.71,1.2006222e+06
28,2012-10-19,1143724.48,1.1655475e+06
28,2012-10-26,1213860.61,1.2197239e+06
29,2012-01-06,469773.85,499904.03
29,2012-01-13,444756.37,459757.75
29,2012-01-20,446863.31,456307.03
29,2012-01-27,395987.24,400918.8
29,2012-02-03,493159.35,505124.44
29,2012-02-10,545840.05,509458.6
29,2012-02-17,559606.91,557157.3
29,2012-02-24,488782.63,490972.38
29,2012-03-02,500801.72,498046.0
29,2012-03-09,504750.35,502667.75
29,2012-03-16,489293.72,492244.06
29,2012-03-23,517408.48,515406.3
29,2012-03-30,504566.28,501815.22
29,2012-04-06,633826.55,621234.75
29,2012-04-13,520493.83,503355.84
29,2012-04-20,525200.59,520569.28
29,2012-04-27,497250.22,494194.4
29,2012-05-04,504963.84,513967.94
29,2012-05-11,529707.87,529832.56
29,2012-05-18,543706.04,546719.0
29,2012-05-25,549665.67,542968.7
29,2012-06-01,576252.35,576344.4
29,2012-06-08,554093.15,543986.4
29,2012-06-15,552338.76,552559.94
29,2012-06-22,581854.5,586099.3
29,2012-06-29,555954.13,553349.75
29,2012-07-06,578832.41,579424.2
29,2012-07-13,514709.76,511461.72
29,2012-07-20,506705.36,511814.5
29,2012-07-27,475158.24,479361.72
29,2012-08-03,504754.74,505871.0
29,2012-08-10,518628.42,516107.06
29,2012-08-17,416881.66,447280.8
29,2012-08-24,615026.15,642402.6
29,2012-08-31,545844.91,526631.5
29,2012-09-07,540811.85,531880.25
29,2012-09-14,475127.18,484712.7
29,2012-09-21,489079.23,497965.72
29,2012-09-28,489674.23,487104.6
29,2012-10-05,520632.8,518647.4
29,2012-10-12,513737.0,506263.06
29,2012-10-19,516909.24,516498.47
29,2012-10-26,534970.68,539420.56
30,2012-01-06,457030.86,464091.25
30,2012-01-13,447023.91,421888.7
30,2012-01-20,438760.62,448885.72
30,2012-01-27,433037.66,439197.78
30,2012-02-03,434080.74,433379.62
30,2012-02-10,451365.99,454415.16
30,2012-02-17,435109.11,432914.8
30,2012-02-24,425215.71,427157.88
30,2012-03-02,438640.61,439404.56
30,2012-03-09,446617.89,443410.22
30,2012-03-16,413617.45,417033.84
30,2012-03-23,430222.97,435557.28
30,2012-03-30,449603.91,447896.53
30,2012-04-06,461511.92,460731.84
30,2012-04-13,428784.7,429281.66
30,2012-04-20,462909.41,469203.3
30,2012-04-27,433744.83,429748.9
30,2012-05-04,454477.54,451263.0
30,2012-05-11,436070.45,436987.56
30,2012-05-18,460945.14,458172.88
30,2012-05-25,449355.91,442088.88
30,2012-06-01,427021.18,434430.22
30,2012-06-08,437222.94,437181.28
30,2012-06-15,438523.24,433761.1
30,2012-06-22,428554.63,424404.75
30,2012-06-29,423192.4,425128.06
30,2012-07-06,440553.42,442872.38
30,2012-07-13,417640.34,413391.56
30,2012-07-20,427491.04,433517.12
30,2012-07-27,424581.17,427878.2
30,2012-08-03,425136.55,428906.7
30,2012-08-10,430878.28,434400.72
30,2012-08-17,423351.15,426208.66
30,2012-08-24,425296.65,428123.47
30,2012-08-31,439132.5,443026.8
30,2012-09-07,433565.77,432607.97
30,2012-09-14,437773.31,436640.66
30,2012-09-21,443891.64,443002.72
30,2012-09-28,425410.04,428899.3
30,2012-10-05,446751.45,446756.38
30,2012-10-12,434593.26,429354.44
30,2012-10-19,437537.29,443548.9
30,2012-10-26,439424.5,438475.16
31,2012-01-06,1401232.52,1.3779101e+06
31,2012-01-13,1377485.12,1.4010934e+06
31,2012-01-20,1372504.9,1.3788345e+06
31,2012-01-27,1259941.48,1.2637231e+06
31,2012-02-03,1391479.91,1.3917734e+06
31,2012-02-10,1527688.58,1.5262249e+06
31,2012-02-17,1570813.52,1.539577e+06
31,2012-02-24,1392543.37,1.3870552e+06
31,2012-03-02,1427881.22,1.4305675e+06
31,2012-03-09,1439034.86,1.444371e+06
31,2012-03-16,1481728.13,1.4620578e+06
31,2012-03-23,1365824.97,1.3645305e+06
31,2012-03-30,1318854.22,1.3402498e+06
31,2012-04-06,1496169.81,1.5134839e+06
31,2012-04-13,1407842.91,1.3918166e+06
31,2012-04-20,1407036.59,1.4119399e+06
31,2012-04-27,1311352.25,1.3218975e+06
31,2012-05-04,1391257.28,1.3986928e+06
31,2012-05-11,1392938.06,1.3974172e+06
31,2012-05-18,1441473.82,1.4295362e+06
31,2012-05-25,1397094.26,1.4026775e+06
31,2012-06-01,1404516.29,1.4148584e+06
31,2012-06-08,1443285.79,1.4256749e+06
31,2012-06-15,1431003.43,1.4249558e+06
31,2012-06-22,1394065.76,1.3937609e+06
31,2012-06-29,1349202.25,1.3548938e+06
31,2012-07-06,1458059.42,1.4592628e+06
31,2012-07-13,1374301.34,1.3593979e+06
31,2012-07-20,1392395.2,1.3949214e+06
31,2012-07-27,1303732.36,1.3174348e+06
31,2012-08-03,1390174.63,1.4018648e+06
31,2012-08-10,1386472.59,1.3771406e+06
31,2012-08-17,1410181.7,1.4131818e+06
31,2012-08-24,1379783.21,1.3737789e+06
31,2012-08-31,1373651.49,1.3694209e+06
31,2012-09-07,1358111.62,1.3572811e+06
31,2012-09-14,1327705.44,1.3278111e+06
31,2012-09-21,1373064.87,1.383009e+06
31,2012-09-28,1279080.58,1.264878e+06
31,2012-10-05,1363365.05,1.3642368e+06
31,2012-10-12,1401113.42,1.3862708e+06
31,2012-10-19,1378730.45,1.3806364e+06
31,2012-10-26,1340232.55,1.3426259e+06
32,2012-01-06,1099937.25,1.1892594e+06
32,2012-01-13,1071598.36,1.1245268e+06
32,2012-01-20,1080012.04,1.0786652e+06
32,2012-01-27,1051864.6,1.054028e+06
32,2012-02-03,1156826.31,1.1501548e+06
32,2012-02-10,1129422.86,1.1231935e+06
32,2012-02-17,1243812.59,1.2120138e+06
32,2012-02-24,1091822.72,1.1158309e+06
32,2012-03-02,1153332.89,1.1640542e+06
32,2012-03-09,1124537.97,1.1314368e+06
32,2012-03-16,1138101.18,1.1562166e+06
32,2012-03-23,1146632.46,1.142495e+06
32,2012-03-30,1108686.87,1.1178028e+06
32,2012-04-06,1270577.01,1.253529e+06
32,2012-04-13,1171834.47,1.1568491e+06
32,2012-04-20,1121405.91,1.1343145e+06
32,2012-04-27,1126962.44,1.1256321e+06
32,2012-05-04,1187384.53,1.1882896e+06
32,2012-05-11,1187051.07,1.1796646e+06
32,2012-05-18,1177539.71,1.1797462e+06
32,2012-05-25,1232784.22,1.242738e+06
32,2012-06-01,1157557.79,1.16835e+06
32,2012-06-08,1246322.44,1.2537381e+06
32,2012-06-15,1234759.54,1.232217e+06
32,2012-06-22,1196880.11,1.1940595e+06
32,2012-06-29,1178211.81,1.1907422e+06
32,2012-07-06,1214183.97,1.2218934e+06
32,2012-07-13,1141184.66,1.1534234e+06
32,2012-07-20,1167829.33,1.1772825e+06
32,2012-07-27,1144901.52,1.1547228e+06
32,2012-08-03,1183571.35,1.1900345e+06
32,2012-08-10,1227469.2,1.2247782e+06
32,2012-08-17,1261306.37,1.2499842e+06
32,2012-08-24,1272809.11,1.2742202e+06
32,2012-08-31,1183979.27,1.1945008e+06
32,2012-09-07,1126685.95,1.1631654e+06
32,2012-09-14,1156377.47,1.1624746e+06
32,2012-09-21,1159119.6,1.1531795e+06
32,2012-09-28,1157111.15,1.1567394e+06
32,2012-10-05,1202775.24,1.207944e+06
32,2012-10-12,1176681.31,1.1840626e+06
32,2012-10-19,1199292.06,1.2057438e+06
32,2012-10-26,1219979.29,1.2207221e+06
33,2012-01-06,267058.08,299464.8
33,2012-01-13,279447.22,274335.9
33,2012-01-20,244899.2,239924.81
33,2012-01-27,236920.49,242893.17
33,2012-02-03,256091.32,257224.34
33,2012-02-10,282552.58,270491.03
33,2012-02-17,266300.98,259077.56
33,2012-02-24,242526.7,242326.92
33,2012-03-02,248051.53,252383.0
33,2012-03-09,287346.29,272053.1
33,2012-03-16,278067.73,263573.97
33,2012-03-23,246970.97,249325.45
33,2012-03-30,251327.67,258315.88
33,2012-04-06,275911.97,267044.38
33,2012-04-13,312698.67,299734.88
33,2012-04-20,261837.2,265367.34
33,2012-04-27,249798.75,262128.53
33,2012-05-04,270497.51,268929.78
33,2012-05-11,295841.84,292561.47
33,2012-05-18,276899.95,273615.1
33,2012-05-25,261851.74,263021.0
33,2012-06-01,261131.09,264842.6
33,2012-06-08,286082.76,281143.62
33,2012-06-15,290444.31,284611.1
33,2012-06-22,261666.29,266461.28
33,2012-06-29,244338.31,252491.75
33,2012-07-06,273690.37,269468.84
33,2012-07-13,287033.64,277986.2
33,2012-07-20,253205.89,251761.05
33,2012-07-27,249134.32,252214.11
33,2012-08-03,258533.12,257451.02
33,2012-08-10,297753.49,283978.7
33,2012-08-17,270097.76,271232.2
33,2012-08-24,247672.56,257681.16
33,2012-08-31,237129.81,241021.39
33,2012-09-07,286428.78,281710.56
33,2012-09-14,277417.53,261642.4
33,2012-09-21,252709.58,250546.47
33,2012-09-28,242813.51,244212.86
33,2012-10-05,265444.9,261768.6
33,2012-10-12,291781.15,277123.53
33,2012-10-19,254412.34,258715.19
33,2012-10-26,253731.13,259936.36
34,2012-01-06,953844.85,1.000997e+06
34,2012-01-13,913755.12,909849.75
34,2012-01-20,910899.05,896774.6
34,2012-01-27,872450.37,865868.56
34,2012-02-03,939367.14,963449.3
34,2012-02-10,1047658.09,1.04701275e+06
34,2012-02-17,1123446.51,1.0776682e+06
34,2012-02-24,950154.24,976478.3
34,2012-03-02,990263.7,992257.2
34,2012-03-09,976393.43,957892.3
34,2012-03-16,999298.43,998593.44
34,2012-03-23,945143.33,950881.56
34,2012-03-30,938861.77,943565.9
34,2012-04-06,1091020.37,1.0726879e+06
34,2012-04-13,987353.65,989370.3
34,2012-04-20,977628.78,983947.06
34,2012-04-27,940299.87,944889.7
34,2012-05-04,991104.4,996241.06
34,2012-05-11,949625.52,941178.44
34,2012-05-18,998672.85,989431.1
34,2012-05-25,1015737.61,998559.7
34,2012-06-01,977062.44,975150.94
34,2012-06-08,999511.29,1.0032011e+06
34,2012-06-15,982345.51,975650.8
34,2012-06-22,1000285.1,997600.06
34,2012-06-29,942970.63,944884.56
34,2012-07-06,1007867.68,1.0168592e+06
34,2012-07-13,954677.75,945547.7
34,2012-07-20,950929.59,948558.5
34,2012-07-27,917883.79,923865.25
34,2012-08-03,973250.41,973105.94
34,2012-08-10,1004523.59,997712.6
34,2012-08-17,1013820.86,996205.7
34,2012-08-24,926250.21,948058.2
34,2012-08-31,933487.71,939225.8
34,2012-09-07,976415.56,973391.2
34,2012-09-14,955211.7,946162.3
34,2012-09-21,943047.78,938138.06
34,2012-09-28,928629.31,932173.7
34,2012-10-05,968896.68,971900.25
34,2012-10-12,948613.39,941690.06
34,2012-10-19,963516.28,965799.25
34,2012-10-26,956987.81,957274.25
35,2012-01-06,671708.09,855945.0
35,2012-01-13,625135.11,640463.1
35,2012-01-20,669850.04,673110.7
35,2012-01-27,588722.99,584120.9
35,2012-02-03,746901.03,762961.3
35,2012-02-10,849779.14,808445.9
35,2012-02-17,824568.39,782649.8
35,2012-02-24,805028.74,803509.2
35,2012-03-02,766571.1,769019.6
35,2012-03-09,796351.35,797644.7
35,2012-03-16,793045.82,791667.0
35,2012-03-23,760671.1,765629.94
35,2012-03-30,744525.69,751577.75
35,2012-04-06,860293.46,857650.6
35,2012-04-13,788633.42,767740.3
35,2012-04-20,794660.24,797941.75
35,2012-04-27,721212.45,734322.3
35,2012-05-04,772036.6,786434.44
35,2012-05-11,802383.63,793113.25
35,2012-05-18,819196.68,809446.94
35,2012-05-25,822167.17,813437.8
35,2012-06-01,932195.52,912758.7
35,2012-06-08,873415.01,852907.9
35,2012-06-15,848289.41,845954.2
35,2012-06-22,911696.0,920198.6
35,2012-06-29,892133.41,877308.8
35,2012-07-06,985479.64,966146.2
35,2012-07-13,825763.48,858761.25
35,2012-07-20,841224.74,869859.56
35,2012-07-27,808030.15,809534.75
35,2012-08-03,866216.36,869843.25
35,2012-08-10,888368.8,874816.56
35,2012-08-17,887979.47,876822.6
35,2012-08-24,895274.72,897788.75
35,2012-08-31,931278.97,933625.3
35,2012-09-07,984833.35,998753.8
35,2012-09-14,821568.64,855803.44
35,2012-09-21,772302.94,808081.25
35,2012-09-28,814099.86,821988.56
35,2012-10-05,866064.4,845789.5
35,2012-10-12,873643.14,867515.44
35,2012-10-19,829284.67,823287.7
35,2012-10-26,865137.6,869482.9
36,2012-01-06,329467.82,336194.9
36,2012-01-13,325976.34,313378.94
36,2012-01-20,330927.21,320393.84
36,2012-01-27,301444.94,296485.66
36,2012-02-03,310982.87,312378.25
36,2012-02-10,335741.9,338991.8
36,2012-02-17,326316.73,315754.84
36,2012-02-24,313270.45,311986.38
36,2012-03-02,315396.72,320741.6
36,2012-03-09,318674.93,319063.97
36,2012-03-16,335345.82,328377.44
36,2012-03-23,317872.51,313550.56
36,2012-03-30,304144.9,305715.6
36,2012-04-06,331026.11,335889.97
36,2012-04-13,339407.94,326738.34
36,2012-04-20,323915.32,313488.88
36,2012-04-27,308389.82,309579.97
36,2012-05-04,312467.52,324311.44
36,2012-05-11,330518.34,328279.38
36,2012-05-18,324801.13,317588.94
36,2012-05-25,306098.17,301160.88
36,2012-06-01,306005.53,313870.06
36,2012-06-08,338273.38,341681.22
36,2012-06-15,333146.88,317914.12
36,2012-06-22,306411.01,304966.56
36,2012-06-29,291530.43,307640.56
36,2012-07-06,306578.89,313794.28
36,2012-07-13,298337.41,298913.66
36,2012-07-20,303289.55,309259.3
36,2012-07-27,279643.43,287786.0
36,2012-08-03,304989.97,307790.84
36,2012-08-10,298947.51,292379.38
36,2012-08-17,314607.22,318389.94
36,2012-08-24,282545.55,288039.66
36,2012-08-31,282647.48,291316.56
36,2012-09-07,293728.57,294611.53
36,2012-09-14,301893.63,300665.5
36,2012-09-21,293804.45,295683.84
36,2012-09-28,270677.98,283875.0
36,2012-10-05,277137.86,283809.97
36,2012-10-12,300236.85,304422.34
36,2012-10-19,287360.05,287211.72
36,2012-10-26,272489.41,274917.38
37,2012-01-06,558343.57,545430.44
37,2012-01-13,546221.4,530186.75
37,2012-01-20,543894.07,542600.0
37,2012-01-27,514116.58,511847.88
37,2012-02-03,555424.24,558620.25
37,2012-02-10,527041.46,527464.2
37,2012-02-17,541071.29,540114.3
37,2012-02-24,518696.89,517554.1
37,2012-03-02,525559.17,521911.28
37,2012-03-09,535937.25,530634.5
37,2012-03-16,484588.34,484477.0
37,2012-03-23,520887.23,525766.44
37,2012-03-30,533734.94,527139.1
37,2012-04-06,564848.78,562203.8
37,2012-04-13,506973.17,501106.28
37,2012-04-20,523483.19,532550.3
37,2012-04-27,528807.45,522258.56
37,2012-05-04,535311.64,527759.9
37,2012-05-11,527983.04,529463.1
37,2012-05-18,534847.96,528055.9
37,2012-05-25,540625.79,535080.44
37,2012-06-01,531811.85,534311.75
37,2012-06-08,528940.78,529618.9
37,2012-06-15,508573.16,505778.44
37,2012-06-22,484032.75,488532.4
37,2012-06-29,508309.81,508897.84
37,2012-07-06,519498.32,521350.0
37,2012-07-13,506005.47,506599.56
37,2012-07-20,503744.56,508137.8
37,2012-07-27,514489.17,515402.5
37,2012-08-03,521959.28,517825.38
37,2012-08-10,500964.59,496918.28
37,2012-08-17,509633.71,515284.6
37,2012-08-24,522665.04,521584.9
37,2012-08-31,538344.1,539801.5
37,2012-09-07,526838.14,529500.56
37,2012-09-14,514651.74,517450.56
37,2012-09-21,521320.98,517161.66
37,2012-09-28,527953.14,520178.0
37,2012-10-05,546122.37,546465.7
37,2012-10-12,521810.75,518289.4
37,2012-10-19,551969.1,552279.94
37,2012-10-26,534738.43,538444.75
38,2012-01-06,478483.2,483361.97
38,2012-01-13,423260.82,388804.0
38,2012-01-20,405215.91,397805.4
38,2012-01-27,412882.31,418552.78
38,2012-02-03,457711.68,445837.06
38,2012-02-10,469787.38,467739.7
38,2012-02-17,415513.97,425379.25
38,2012-02-24,409411.61,421186.6
38,2012-03-02,471115.38,468864.44
38,2012-03-09,452792.53,445574.1
38,2012-03-16,428465.11,431025.8
38,2012-03-23,412456.48,421204.75
38,2012-03-30,408679.36,418580.78
38,2012-04-06,499267.66,490984.88
38,2012-04-13,435790.74,441212.78
38,2012-04-20,401615.8,425140.94
38,2012-04-27,419964.77,421974.3
38,2012-05-04,491755.69,475372.28
38,2012-05-11,429914.6,428483.03
38,2012-05-18,412314.71,429445.62
38,2012-05-25,422810.12,429177.53
38,2012-06-01,435579.7,424705.28
38,2012-06-08,448110.25,448238.47
38,2012-06-15,430222.07,430742.78
38,2012-06-22,405938.35,411413.28
38,2012-06-29,404634.36,409904.47
38,2012-07-06,471086.22,461386.7
38,2012-07-13,416036.75,419225.9
38,2012-07-20,441683.74,450779.88
38,2012-07-27,407186.47,407302.16
38,2012-08-03,469311.17,462777.72
38,2012-08-10,436690.13,425755.8
38,2012-08-17,411866.46,417388.94
38,2012-08-24,397428.22,406688.84
38,2012-08-31,424904.95,419042.8
38,2012-09-07,490274.82,463374.12
38,2012-09-14,430944.39,435425.2
38,2012-09-21,409600.98,424036.22
38,2012-09-28,398468.08,404322.22
38,2012-10-05,458479.01,451631.1
38,2012-10-12,437320.66,428339.12
38,2012-10-19,428806.46,432125.28
38,2012-10-26,417290.38,414889.7
39,2012-01-06,1478537.93,1.4984241e+06
39,2012-01-13,1369125.37,1.4094574e+06
39,2012-01-20,1394841.03,1.3588508e+06
39,2012-01-27,1320301.61,1.325251e+06
39,2012-02-03,1396150.15,1.3925075e+06
39,2012-02-10,1442988.44,1.4451385e+06
39,2012-02-17,1511041.69,1.5064779e+06
39,2012-02-24,1412065.04,1.4006579e+06
39,2012-03-02,1453047.02,1.4525022e+06
39,2012-03-09,1470764.35,1.465977e+06
39,2012-03-16,1522421.07,1.5067109e+06
39,2012-03-23,1469593.37,1.4735866e+06
39,2012-03-30,1499727.02,1.4927966e+06
39,2012-04-06,1764847.94,1.711659e+06
39,2012-04-13,1580732.73,1.5351782e+06
39,2012-04-20,1433391.04,1.4825638e+06
39,2012-04-27,1456997.2,1.4804609e+06
39,2012-05-04,1512227.34,1.4964618e+06
39,2012-05-11,1470792.41,1.4671785e+06
39,2012-05-18,1522978.54,1.5149218e+06
39,2012-05-25,1596036.66,1.5912786e+06
39,2012-06-01,1640476.77,1.5816558e+06
39,2012-06-08,1623442.24,1.6037851e+06
39,2012-06-15,1587499.82,1.5890902e+06
39,2012-06-22,1532316.79,1.5239554e+06
39,2012-06-29,1492388.98,1.4955982e+06
39,2012-07-06,1659221.99,1.652909e+06
39,2012-07-13,1471261.76,1.4677922e+06
39,2012-07-20,1582168.27,1.5827054e+06
39,2012-07-27,1487797.54,1.4835628e+06
39,2012-08-03,1608277.74,1.6030689e+06
39,2012-08-10,1641867.92,1.6098294e+06
39,2012-08-17,1720221.91,1.6848191e+06
39,2012-08-24,1724669.75,1.6851616e+06
39,2012-08-31,1710923.94,1.7177555e+06
39,2012-09-07,1609811.75,1.641554e+06
39,2012-09-14,1447614.08,1.5132066e+06
39,2012-09-21,1555672.51,1.5696239e+06
39,2012-09-28,1495607.07,1.4802991e+06
39,2012-10-05,1574408.67,1.5622192e+06
39,2012-10-12,1494417.07,1.4872978e+06
39,2012-10-19,1577486.33,1.5726408e+06
39,2012-10-26,1569502.0,1.548017e+06
40,2012-01-06,954576.86,973542.2
40,2012-01-13,780607.52,821042.4
40,2012-01-20,811365.42,830833.94
40,2012-01-27,770157.29,786474.0
40,2012-02-03,979552.34,975862.9
40,2012-02-10,999785.48,945762.75
40,2012-02-17,975500.87,972538.2
40,2012-02-24,919301.81,915642.5
40,2012-03-02,927732.02,934725.5
40,2012-03-09,954233.87,954073.4
40,2012-03-16,891154.18,896392.44
40,2012-03-23,844490.86,861570.9
40,2012-03-30,871945.64,877880.3
40,2012-04-06,1132064.23,1.0805878e+06
40,2012-04-13,857811.17,904396.8
40,2012-04-20,896979.93,915208.9
40,2012-04-27,875372.91,864370.8
40,2012-05-04,993311.59,992746.6
40,2012-05-11,967729.35,954202.3
40,2012-05-18,896295.41,910364.7
40,2012-05-25,991054.49,991786.25
40,2012-06-01,1037464.27,1.02677656e+06
40,2012-06-08,1079386.88,1.0584472e+06
40,2012-06-15,977950.28,979452.3
40,2012-06-22,1033552.18,1.049281e+06
40,2012-06-29,988764.84,990296.3
40,2012-07-06,1182901.56,1.1547786e+06
40,2012-07-13,979848.71,977588.94
40,2012-07-20,968502.38,994765.6
40,2012-07-27,954396.85,961443.94
40,2012-08-03,1068346.76,1.0685619e+06
40,2012-08-10,1007906.43,995334.7
40,2012-08-17,969387.48,968989.1
40,2012-08-24,945318.47,949143.8
40,2012-08-31,987264.67,987457.3
40,2012-09-07,1088248.4,1.069754e+06
40,2012-09-14,901709.82,914845.94
40,2012-09-21,899768.4,913795.94
40,2012-09-28,919595.44,930904.5
40,2012-10-05,1069112.0,1.0458436e+06
40,2012-10-12,982523.26,976144.0
40,2012-10-19,918170.5,941046.56
40,2012-10-26,921264.52,930201.06
41,2012-01-06,1208191.61,1.1919065e+06
41,2012-01-13,1134767.28,1.1470568e+06
41,2012-01-20,1116295.24,1.1268762e+06
41,2012-01-27,1079398.81,1.0940235e+06
41,2012-02-03,1208825.6,1.1950584e+06
41,2012-02-10,1238844.56,1.2254454e+06
41,2012-02-17,1330451.46,1.3022694e+06
41,2012-02-24,1224915.66,1.2184114e+06
41,2012-03-02,1239813.26,1.2596352e+06
41,2012-03-09,1243814.77,1.2358716e+06
41,2012-03-16,1201511.62,1.2029505e+06
41,2012-03-23,1215354.38,1.2321744e+06
41,2012-03-30,1239423.19,1.2411266e+06
41,2012-04-06,1460234.31,1.4385865e+06
41,2012-04-13,1323004.73,1.3183221e+06
41,2012-04-20,1220815.33,1.2308359e+06
41,2012-04-27,1248950.65,1.2648168e+06
41,2012-05-04,1359770.73,1.3418984e+06
41,2012-05-11,1353285.1,1.3354132e+06
41,2012-05-18,1331514.44,1.3187476e+06
41,2012-05-25,1424500.47,1.407862e+06
41,2012-06-01,1374891.36,1.3811556e+06
41,2012-06-08,1436383.84,1.4425845e+06
41,2012-06-15,1384584.59,1.3937286e+06
41,2012-06-22,1386407.17,1.3989878e+06
41,2012-06-29,1355600.01,1.3611885e+06
41,2012-07-06,1456300.89,1.4530111e+06
41,2012-07-13,1332594.07,1.3202136e+06
41,2012-07-20,1347175.93,1.3587739e+06
41,2012-07-27,1344723.97,1.3305772e+06
41,2012-08-03,1439607.35,1.4153335e+06
41,2012-08-10,1504545.94,1.4927544e+06
41,2012-08-17,1560590.05,1.5518606e+06
41,2012-08-24,1464462.85,1.4586038e+06
41,2012-08-31,1360517.52,1.3752439e+06
41,2012-09-07,1392143.82,1.3922942e+06
41,2012-09-14,1306644.25,1.3089452e+06
41,2012-09-21,1276609.36,1.2755298e+06
41,2012-09-28,1307928.01,1.298637e+06
41,2012-10-05,1400160.95,1.3768251e+06
41,2012-10-12,1409544.97,1.3738966e+06
41,2012-10-19,1326197.24,1.3162478e+06
41,2012-10-26,1316542.59,1.3212388e+06
42,2012-01-06,636372.37,683877.3
42,2012-01-13,664348.2,622958.7
42,2012-01-20,579499.93,571648.75
42,2012-01-27,538978.67,560374.0
42,2012-02-03,588448.21,608032.8
42,2012-02-10,674919.45,645149.4
42,2012-02-17,606671.5,590525.56
42,2012-02-24,564304.15,567886.7
42,2012-03-02,585895.34,586467.94
42,2012-03-09,659816.15,637838.5
42,2012-03-16,618767.26,605315.06
42,2012-03-23,561226.38,561748.8
42,2012-03-30,544408.14,541250.8
42,2012-04-06,652312.11,647076.3
42,2012-04-13,639123.45,632497.8
42,2012-04-20,552529.23,560775.06
42,2012-04-27,526625.49,545339.25
42,2012-05-04,609274.89,604770.0
42,2012-05-11,643603.69,630109.1
42,2012-05-18,590636.38,587317.25
42,2012-05-25,535764.58,548699.2
42,2012-06-01,521953.78,533473.4
42,2012-06-08,642671.48,621497.56
42,2012-06-15,606309.13,587913.06
42,2012-06-22,540031.29,542296.5
42,2012-06-29,507403.77,516972.62
42,2012-07-06,618702.09,611384.44
42,2012-07-13,628099.08,612951.1
42,2012-07-20,530318.39,536105.94
42,2012-07-27,516352.21,530685.7
42,2012-08-03,573084.71,578173.9
42,2012-08-10,576620.31,569605.56
42,2012-08-17,575997.78,565247.1
42,2012-08-24,535537.03,538467.4
42,2012-08-31,504760.57,503080.75
42,2012-09-07,617405.35,612593.5
42,2012-09-14,586737.66,584191.4
42,2012-09-21,527165.7,528760.3
42,2012-09-28,505978.46,514257.38
42,2012-10-05,593162.53,598474.4
42,2012-10-12,612379.9,606834.8
42,2012-10-19,541406.98,532827.7
42,2012-10-26,514756.08,521291.06
43,2012-01-06,670993.01,695495.94
43,2012-01-13,663529.64,612894.75
43,2012-01-20,619225.65,604811.9
43,2012-01-27,587685.38,597500.8
43,2012-02-03,629176.71,624737.8
43,2012-02-10,662198.65,663499.4
43,2012-02-17,660632.05,652639.25
43,2012-02-24,613042.97,605520.06
43,2012-03-02,693249.98,696519.6
43,2012-03-09,636677.67,634683.2
43,2012-03-16,661707.02,663442.3
43,2012-03-23,610940.94,605997.6
43,2012-03-30,623258.4,630152.3
43,2012-04-06,658468.27,657910.3
43,2012-04-13,665687.92,658380.06
43,2012-04-20,638144.98,629219.4
43,2012-04-27,593138.59,602791.25
43,2012-05-04,637964.2,635348.0
43,2012-05-11,640159.04,636775.6
43,2012-05-18,648541.81,642433.44
43,2012-05-25,597406.39,603604.94
43,2012-06-01,605078.62,611639.6
43,2012-06-08,643032.51,644603.9
43,2012-06-15,634815.1,631352.7
43,2012-06-22,613270.79,615801.9
43,2012-06-29,593128.13,601725.1
43,2012-07-06,645618.59,639305.44
43,2012-07-13,627634.04,634767.5
43,2012-07-20,596554.05,589400.7
43,2012-07-27,572447.52,575067.9
43,2012-08-03,614378.94,616694.25
43,2012-08-10,643558.78,645951.8
43,2012-08-17,640210.85,633874.6
43,2012-08-24,598234.64,601013.75
43,2012-08-31,593141.29,595746.2
43,2012-09-07,663814.18,661679.2
43,2012-09-14,625196.94,614810.2
43,2012-09-21,601990.02,603213.2
43,2012-09-28,577792.32,583024.94
43,2012-10-05,642614.89,639392.7
43,2012-10-12,619369.72,616910.56
43,2012-10-19,623919.23,625368.2
43,2012-10-26,587603.55,590311.6
44,2012-01-06,325327.93,312378.1
44,2012-01-13,312361.88,306411.28
44,2012-01-20,316948.39,311436.3
44,2012-01-27,308295.38,304743.56
44,2012-02-03,325986.05,323107.78
44,2012-02-10,325377.97,318146.06
44,2012-02-17,320691.21,315121.3
44,2012-02-24,315641.8,310407.8
44,2012-03-02,316687.22,314147.47
44,2012-03-09,303438.24,303172.3
44,2012-03-16,331965.95,331528.6
44,2012-03-23,296947.06,290367.84
44,2012-03-30,310027.29,306720.47
44,2012-04-06,320021.1,315890.53
44,2012-04-13,311390.22,303415.3
44,2012-04-20,323233.8,315459.9
44,2012-04-27,330338.36,317177.06
44,2012-05-04,326053.28,316064.47
44,2012-05-11,341381.08,327901.28
44,2012-05-18,334042.43,315472.66
44,2012-05-25,343268.29,337551.97
44,2012-06-01,323410.94,321604.66
44,2012-06-08,340238.38,345031.88
44,2012-06-15,338400.82,336831.7
44,2012-06-22,336241.0,331807.53
44,2012-06-29,338386.08,341480.22
44,2012-07-06,358461.58,357145.97
44,2012-07-13,336479.49,332425.25
44,2012-07-20,337819.16,340904.12
44,2012-07-27,319855.26,324374.66
44,2012-08-03,342385.38,331852.62
44,2012-08-10,333594.81,331866.94
44,2012-08-17,327389.51,315452.16
44,2012-08-24,337985.74,344674.34
44,2012-08-31,339490.69,334022.28
44,2012-09-07,338737.33,334342.94
44,2012-09-14,347726.67,348717.16
44,2012-09-21,336017.6,335019.88
44,2012-09-28,355307.94,354394.22
44,2012-10-05,337390.44,334561.66
44,2012-10-12,337796.13,336935.25
44,2012-10-19,323766.77,326791.94
44,2012-10-26,361067.07,361667.56
45,2012-01-06,714081.05,853967.5
45,2012-01-13,676615.53,723480.4
45,2012-01-20,700392.21,711942.4
45,2012-01-27,624081.64,634243.94
45,2012-02-03,757330.95,747823.5
45,2012-02-10,803657.12,785455.2
45,2012-02-17,858853.75,838546.9
45,2012-02-24,753060.78,761094.5
45,2012-03-02,782796.01,782004.25
45,2012-03-09,776968.87,769617.94
45,2012-03-16,788340.23,792103.9
45,2012-03-23,791835.37,797357.0
45,2012-03-30,777254.06,780042.4
45,2012-04-06,899479.43,886224.7
45,2012-04-13,781970.6,811889.3
45,2012-04-20,776661.74,793160.0
45,2012-04-27,711571.88,734011.94
45,2012-05-04,782300.68,788811.7
45,2012-05-11,770487.37,761761.06
45,2012-05-18,800842.28,798505.56
45,2012-05-25,817741.17,808964.44
45,2012-06-01,837144.63,819269.5
45,2012-06-08,795133.0,795697.1
45,2012-06-15,821498.18,824826.3
45,2012-06-22,822569.16,820566.2
45,2012-06-29,773367.71,772618.4
45,2012-07-06,843361.1,837738.6
45,2012-07-13,749817.08,758809.1
45,2012-07-20,737613.65,735151.94
45,2012-07-27,711671.58,722078.6
45,2012-08-03,725729.51,727702.9
45,2012-08-10,733037.32,729412.06
45,2012-08-17,722496.93,714350.6
45,2012-08-24,718232.26,719501.9
45,2012-08-31,734297.87,729248.5
45,2012-09-07,766512.66,787432.44
45,2012-09-14,702238.27,707508.44
45,2012-09-21,723086.2,736406.06
45,2012-09-28,713173.95,714443.2
45,2012-10-05,733455.07,738804.4
45,2012-10-12,734464.36,729290.2
45,2012-10-19,718125.53,720029.75
45,2012-10-26,760281.43,771671.56
